Workbook

Sheet DataEntry
B1: Using a completed P-SSCRM questionnaire, or your own estimates,
B2: select the best answer from the dropdown in the answer column
A4: Company Id:
A5: Assessment Date:
A6: Team/Application:
A7: Assessor(s):
A8: Contributor(s):
C14: Answer | D14: Score
A15: Governance
B16: G.1 Perform compliance | E16: =AVERAGE(DataEntry!17:21)
B17: G.1.1 Organizational security requirements Do you have a defined secure SDLC that the engineers are aware of? How do you define security requirements and policies for the organization, its development infrastructure, contributions, and processes? How are these requirements and contributions maintained over time? How are constraints imposed by regulatory and compliance drivers included in these requirements, policies, and the SDLC? | D17: =IFERROR(VLOOKUP(C17,lookups!$A$1:$B$5,2,FALSE),0)
B18: G.1.2 Software license conflict How do you scan check that the software licenses for tools or third party components comply with your organization's use policies? Is the process automated? Do you document and track users and uses of software licenses relative to access control policies and software usage restrictions? | D18: =IFERROR(VLOOKUP(C18,lookups!$A$1:$B$5,2,FALSE),0)
B19: G.1.3 Produce attestation Can you tell me about automated or manual processes for producing artifacts that attest to the use of secure development practices? Where are the artifacts stored? What are your auditability/retention requirements for these artifacts? Is responsibility assigned for creating needed artifacts that tools cannot generate? Do you use a framework, like in-toto, to produce authenticated meta-data about artifacts, such as for attestation? Do you need to provide self-attestation for your product? Is the attestation immutable and published in the source repository releases, in the package registry, or elsewhere with their existence in a transparency log? | D19: =IFERROR(VLOOKUP(C19,lookups!$A$1:$B$5,2,FALSE),0)
B20: G.1.4 Deliver provenance Can you tell me more about your provenance data generation process? What authentications take place relative to the production of provenance data? Is provenance data automatically generated/verified by the build service, or does it involve a manual process or the ability for alteration, or is it read-only? Is a signing key used for a digital signature? Stored in a secure management system accessible only by the build service? Do provenance records include the initial state of the machine, VM, or container, and include all user-specified build steps? | D20: =IFERROR(VLOOKUP(C20,lookups!$A$1:$B$5,2,FALSE),0)
B21: G.1.5 Deliver SBOM Do you deliver an SBOM and provenance data that satisfy your contracts with software acquirers, such as in a standard-base format? How and when is the SBOM built? What tool do you use? Do you digitally sign the SBOMs? Do you produce a VEX supplement for your SBOM? What is your process for generating the VEX information? | D21: =IFERROR(VLOOKUP(C21,lookups!$A$1:$B$5,2,FALSE),0)
B22: G.2 Develop security policies | E22: =AVERAGE(DataEntry!23:28)
B23: G.2.1 Upper management support Can you share about upper management's commitment to secure software development? In what way is this commitment publicly demonstrated and communicated to development roles and responsibilities? Comment on the adequacy of resources dedicated to secure software development. | D23: =IFERROR(VLOOKUP(C23,lookups!$A$1:$B$5,2,FALSE),0)
B24: G.2.2 Secure SDLC checks What kind of criteria for security checks has been established, such as for security testing results? How can these checks indicate if security practices are being used and secure software is being developed? How are these checks tracked through the SDLC? Are the checks automated or manual? | D24: =IFERROR(VLOOKUP(C24,lookups!$A$1:$B$5,2,FALSE),0)
B25: G.2.3 Roles and responsibilities What security roles and responsibilities have been created to encompass all parts of the SDLC - both within the development teams as well as at an organizational level? | D25: =IFERROR(VLOOKUP(C25,lookups!$A$1:$B$5,2,FALSE),0)
B26: G.2.4 Security code review policy What kind of guidelines are set in place for which code should be manually or automatically reviewed from a security perspective? How are these guidelines communicated and enforced? | D26: =IFERROR(VLOOKUP(C26,lookups!$A$1:$B$5,2,FALSE),0)
B27: G.2.5 Asset inventory How is a system component inventory maintained for hardware, software licenses, software versions, component owners, machine names, and network addresses with identifiers for each of these? Is the components inventory process automated or manual? Are the artifacts machine-readable (such as through SBOM generation)? What process is used for the asset inventory to be updated when a product or system goes to end-of-life? | D27: =IFERROR(VLOOKUP(C27,lookups!$A$1:$B$5,2,FALSE),0)
B28: G.2.6 Protection of information at rest What provisions are made for the protection of information at rest included in agreements with suppliers, developers, system integrators, and external system providers? What policies are set in place for the use of cryptography in the organization’s security policy? | D28: =IFERROR(VLOOKUP(C28,lookups!$A$1:$B$5,2,FALSE),0)
B29: G.3 Manage suppliers | E29: =AVERAGE(DataEntry!30:34)
B30: G.3.1 Security-related contract terms What requirements language is included in system and services acquisition policies and contracts related to adherence to security policies, security requirements, and secure SDLC practices compatible with compliance requirements? Do you require SBOMs, provenance data, and attestation of adhering to security practices from your suppliers? How is adherence to contract terms verified? | D30: =IFERROR(VLOOKUP(C30,lookups!$A$1:$B$5,2,FALSE),0)
B31: G.3.2 Separation of duties How is separation of duties established for decisions that require the acquisition of information systems and supply chain components, such as components entering the enterprise's supply chain or contracted developers promoting code from development to production? | D31: =IFERROR(VLOOKUP(C31,lookups!$A$1:$B$5,2,FALSE),0)
B32: G.3.3 Information disclosure What kind of contract language is in place to stipulate that contractor systems conduct monitoring to detect unauthorized disclosure of any data? What kind of contract language is in place to require that vendors notify of unauthorized disclosure? | D32: =IFERROR(VLOOKUP(C32,lookups!$A$1:$B$5,2,FALSE),0)
B33: G.3.4 Session audits Under what circumstances are contract employees included in audits to identify security risks in the supply chain? | D33: =IFERROR(VLOOKUP(C33,lookups!$A$1:$B$5,2,FALSE),0)
B34: G.3.5 Notification agreement What notification agreements and monitoring capabilities are established with your suppliers related to supply chain threats or incidents? How much notification does a vendor provide when a product goes end-of-life? What end-of-life options exist? | D34: =IFERROR(VLOOKUP(C34,lookups!$A$1:$B$5,2,FALSE),0)
B35: G.4 Training | E35: =AVERAGE(DataEntry!36:38)
B36: G.4.1 Role-based training Can you tell me about the training given to employees and to vendors related to software supply chain security? Do you require team members to regularly participate in secure software architecture, design, development, testing, and software supply chain training and monitor their completion of training? Is the training specific to their roles, development tools, and language? | D36: =IFERROR(VLOOKUP(C36,lookups!$A$1:$B$5,2,FALSE),0)
B37: G.4.2 Contingency training Can you tell me about contingency training for preparing for emergency response, backup operations, and post-disaster recovery? | D37: =IFERROR(VLOOKUP(C37,lookups!$A$1:$B$5,2,FALSE),0)
B38: G.4.3 Gather attack trends How do you monitor new attack trends and vulnerabilities applicable to your software, such as by monitoring a cyberthreat intelligence feed and attacker forums, or attending conferences? | D38: =IFERROR(VLOOKUP(C38,lookups!$A$1:$B$5,2,FALSE),0)
B39: G.5 Assess and manage risk | E39: =AVERAGE(DataEntry!40:43)
B40: G.5.1 Criticality analysis What process do you have for performing criticality analysis as input to assessments of supply chain risk management activities? | D40: =IFERROR(VLOOKUP(C40,lookups!$A$1:$B$5,2,FALSE),0)
B41: G.5.2 Track security risks and decisions How are the responses to security risks and design decisions recorded, including how mitigations are to be achieved? How are approved exceptions to the security requirements periodically evaluated? | D41: =IFERROR(VLOOKUP(C41,lookups!$A$1:$B$5,2,FALSE),0)
B42: G.5.3 Security metrics What security metrics do you track to indicate how you are doing relative to developing secure software products and having an effective and efficient software security program (e.g., security outcomes, MTTR)? Are these metrics collected automatically or manually? | D42: =IFERROR(VLOOKUP(C42,lookups!$A$1:$B$5,2,FALSE),0)
B43: G.5.4 Data-informed product decisions Do you use the toolchain to gather information that informs security decision-making automatically? If not, is this information collected and reviewed manually? | D43: =IFERROR(VLOOKUP(C43,lookups!$A$1:$B$5,2,FALSE),0)
A44: Product
B45: P.1 Develop security requirements | E45: =AVERAGE(DataEntry!46:47)
B46: P.1.1 Product security requirements How are risk-reducing security architecture and design requirements for products considered and developed? Which of the following strategies are considered: the use of memory-safe languages, secure frameworks, isolation and sandboxing? Are completion and adherence tracked? | D46: =IFERROR(VLOOKUP(C46,lookups!$A$1:$B$5,2,FALSE),0)
B47: P.1.2 Software release integrity What software integrity artifacts do you make available to software acquirers, such as cryptographic hashes of release files? Do you use a certificate authority for code/commit signing? How often do you review code signing processes, such as certificate renewal and key rotation? Do you ensure use a dedicated, protected signing server when signing is required? What kind of license is declared for a project? | D47: =IFERROR(VLOOKUP(C47,lookups!$A$1:$B$5,2,FALSE),0)
B48: P.2 Build security in | E48: =AVERAGE(DataEntry!49:53)
B49: P.2.1 Security design review For all critical software components and external services that your team operates and owns, has a qualified person not involved in the design reviewed the design and conducted an attack surface analysis and threat model? What kind of approaches are you using to narrow attack vectors? What kind of tool or methodology (like STRIDE) do you use to structure your threat modeling? Do you perform analysis such that only required modules are included in the product and unused modules are uninstalled and removed, decreasing the attack surface? How are unused modules identified - such as 'debloating' a product for unused components and containers? | D49: =IFERROR(VLOOKUP(C49,lookups!$A$1:$B$5,2,FALSE),0)
B50: P.2.2 Secure coding What kind of secure coding practices are used? How are these practices communicated to developers and enforced? | D50: =IFERROR(VLOOKUP(C50,lookups!$A$1:$B$5,2,FALSE),0)
B51: P.2.3 Secure-by-default implementation Are the default installation settings for products, platform, network infrastructure, services defined to be secure by default? | D51: =IFERROR(VLOOKUP(C51,lookups!$A$1:$B$5,2,FALSE),0)
B52: P.2.4 Standard security features Please tell me about your philosophy of whether it is better to use available security features or to 'roll your own,' for example, log management, identity management, access control, and vulnerability management? What factors determine whether you use in-house or standard features? | D52: =IFERROR(VLOOKUP(C52,lookups!$A$1:$B$5,2,FALSE),0)
B53: P.2.5 In-house components What processes are used to scan in-house components built using SDLC processes for vulnerabilities and how is the process similar or different to what is done for third-party components? What causes a need for a new version? Are in-house components monitored to ensure they are regularly maintained? | D53: =IFERROR(VLOOKUP(C53,lookups!$A$1:$B$5,2,FALSE),0)
B54: P.3 Manage component and container choices | E54: =AVERAGE(DataEntry!55:59)
B55: P.3.1 Component and container choice What kind of approval process do you have, if any, for third-party libraries and containers included in a product? What do you consider when selecting a third-party component or container? Do you consider solutions with the least functionality to reduce the attack surface? How would the approval process handle dependencies that are no longer receiving updates? Do you look at the OpenSSF Scorecard metrics for a component? Are you concerned when a component contains binary artifacts that cannot be easily reviewed and more easily sneak in a vulnerability? Do you have a Deny List to prevent the choice of vulnerable and malicious components? | D55: =IFERROR(VLOOKUP(C55,lookups!$A$1:$B$5,2,FALSE),0)
B56: P.3.2 Trusted repositories Do you search for candidate components in package managers trusted by your organization? Do you use container registries you trust? | D56: =IFERROR(VLOOKUP(C56,lookups!$A$1:$B$5,2,FALSE),0)
B57: P.3.3 Require signed commits Do you require the software producers to sign code commits of the components and tools you bring into your product? | D57: =IFERROR(VLOOKUP(C57,lookups!$A$1:$B$5,2,FALSE),0)
B58: P.3.4 Vetted third-party component and container repositories Do you have a local component repository in which binaries and source code of third-party components are stored? Do you rebuild a component from source when possible? | D58: =IFERROR(VLOOKUP(C58,lookups!$A$1:$B$5,2,FALSE),0)
B59: P.3.5 Prevent component vetting bypass In what ways could a developer bypass the component vetting process? What are the mechanisms in place to monitor whether developers are consuming third party code through the approved ingestion method and not bypassing the vetting process? | D59: =IFERROR(VLOOKUP(C59,lookups!$A$1:$B$5,2,FALSE),0)
B60: P.4 Discover vulnerabilities | E60: =AVERAGE(DataEntry!61:65)
B61: P.4.1 Security code review How does the team perform security-related code reviews? Is a secure coding standard used? How do discovered vulnerabilities get recorded, tracked, and remediated? | D61: =IFERROR(VLOOKUP(C61,lookups!$A$1:$B$5,2,FALSE),0)
B62: P.4.2 Automated security scanning tools What security tools are in your toolchain? SAST? DAST? IAST? How often is the scanning done for third-party components? Do you use a tool to detect secrets in code? What happens with the reported vulnerabilities? Do you scan your tools for vulnerabilities? | D62: =IFERROR(VLOOKUP(C62,lookups!$A$1:$B$5,2,FALSE),0)
B63: P.4.3 Automated vulnerability detection How is code reviewed, analyzed, and tested to identify or confirm the presence, remediation, and disclosure of previously-undetected vulnerabilities such as through automated tools? How are the tools in the build and deploy pipelines reviewed, analyzed, and tested to identify or confirm the presence, remediation, and disclosure of previously-undetected vulnerabilities such as through automated tools? | D63: =IFERROR(VLOOKUP(C63,lookups!$A$1:$B$5,2,FALSE),0)
B64: P.4.4 Executable security testing How are security features tested? How are test cases developed to test the security of an application? Is security testing factored into a product's test suite? Is executable code testing, such as in-house or external penetration testing, used to find vulnerabilities not found by previous reviews, analysis, and testing? Do you do executable testing on containers? Do you test your build process, scripts, GitHub actions? | D64: =IFERROR(VLOOKUP(C64,lookups!$A$1:$B$5,2,FALSE),0)
B65: P.4.5 Regular third-party compliance How do you verify that third-party software components continue to comply with the requirements defined by the organization, such as through using a secure SDLC and the delivery of attestation of security practices? Do you check that components are being maintained and are not at end-of-life or have been abandoned? How are known critical vulnerabilities in third-party and open-source components and containers mitigated? | D65: =IFERROR(VLOOKUP(C65,lookups!$A$1:$B$5,2,FALSE),0)
B66: P.5 Manage vulnerable components and containers | E66: =AVERAGE(DataEntry!67:68)
B67: P.5.1 SBOM consumption Does anyone check the SBOM information about pending security vulnerabilities? How do you consume the SBOMs for your components? Do you have any specific experience being aided by information provided by the SBOM? How do you feel about the assistance provided by tools to help you consume an SBOM? If not now, do you have plans to consume SBOMs in the future? Do you consider and trust the VEX information in the SBOM? What expectations do you put on the component producers for the vulnerabilities identified in the SBOM? | D67: =IFERROR(VLOOKUP(C67,lookups!$A$1:$B$5,2,FALSE),0)
B68: P.5.2 Dependency update What is your strategy for updating dependencies based on SCA, SBOM, or automated pull requests? Do you have a strategy for updating all, such as through a tool such as Dependabot that automates PR? Does the project use tools to help update its dependencies e.g. Dependabot, RenovateBot? Are the software assets that require automated updates defined from a criticality/risk-based perspective? How are containers updated when a vulnerability is detected? | D68: =IFERROR(VLOOKUP(C68,lookups!$A$1:$B$5,2,FALSE),0)
A69: Environment
B70: E.1 Safeguard artifact integrity | E70: =AVERAGE(DataEntry!71:76)
B71: E.1.1 Safely store release artifacts What files and supporting data (like integrity validation, provenance, and metadata) do you securely archive and retain for each software release? | D71: =IFERROR(VLOOKUP(C71,lookups!$A$1:$B$5,2,FALSE),0)
B72: E.1.2 Version control Are code and other important project artifacts stored with version control with access granted to strongly-authenticated personnel using the principle of least privilege? | D72: =IFERROR(VLOOKUP(C72,lookups!$A$1:$B$5,2,FALSE),0)
B73: E.1.3 Multi-factor authentication (MFA) Is MFA mandated and enforced at the source code repository level? Are soft or physical tokens used? Is MFA enforced for endpoints? | D73: =IFERROR(VLOOKUP(C73,lookups!$A$1:$B$5,2,FALSE),0)
B74: E.1.4 Developer SSH key Do you avoid using passwords through the use of SSH keys, SSH certificates, or short-term rotated Access Tokens? | D74: =IFERROR(VLOOKUP(C74,lookups!$A$1:$B$5,2,FALSE),0)
B75: E.1.5 Branch protection Do you use branch protection settings to enforce security policies, such as requiring reviews, passing checks, preventing overwriting of history, and signed commits before code is accepted into the main branch? In high assurance, high risk environments, is commit signing with full-attestation required? | D75: =IFERROR(VLOOKUP(C75,lookups!$A$1:$B$5,2,FALSE),0)
B76: E.1.6 Decommission assets What decommissioning procedures are in place when a live product or system goes to end-of-life? | D76: =IFERROR(VLOOKUP(C76,lookups!$A$1:$B$5,2,FALSE),0)
B77: E.2 Safeguard build integrity | E77: =AVERAGE(DataEntry!78:85)
B78: E.2.1 Release policy verification Do you have a templated build policy that specifies the required build workflow to ensure the integrity, authentication, and auditability? Do you verify the build policy in a cryptographically provable way, such as with in-toto? | D78: =IFERROR(VLOOKUP(C78,lookups!$A$1:$B$5,2,FALSE),0)
B79: E.2.2 Verify dependencies and environment Can you track a package back to its repo? Do you verify the integrity (i.e. digital signature or hash match) and the provenance data of each component and container? Do you validate that the build environment's sources and dependencies come from a secure, trusted source of truth? What is your dependency version constraint strategy, e.g. how do you manage pinning and floating versions of your dependencies? | D79: =IFERROR(VLOOKUP(C79,lookups!$A$1:$B$5,2,FALSE),0)
B80: E.2.3 Defensive compilation and build Do you use compiler, interpreter, and build tool features to detect vulnerabilities? Do you have a Deny List to prevent using a vulnerable and/or malicious component in the build? | D80: =IFERROR(VLOOKUP(C80,lookups!$A$1:$B$5,2,FALSE),0)
B81: E.2.4 CI/CD hosting and automation Are your build steps defined in a build script, with the only manual step being to invoke the script? Is the build definition executed by the build service stored in a version control system fetched through a trusted channel with a trustworthy provenance chain? Does the build run on a hosted build platform? Are the build steps, sources, and dependencies declared up front with immutable references/use immutable artifacts stored in a local repository manager? Are infrastructure, build scripts, and GitHub Actions handled 'as code', such as with code review, scanning, testing, and version control? Are configuration changes reviewed? Are CI/CD pipelines standardized across the enterprise? | D81: =IFERROR(VLOOKUP(C81,lookups!$A$1:$B$5,2,FALSE),0)
B82: E.2.5 Secured orchestration platform Are containers used throughout the build process? Do you deploy Kubernetes as the orchestration layer? | D82: =IFERROR(VLOOKUP(C82,lookups!$A$1:$B$5,2,FALSE),0)
B83: E.2.6 Reproducible builds Do you practice reproducible builds on different protected environments and compare bit-for-bit results? | D83: =IFERROR(VLOOKUP(C83,lookups!$A$1:$B$5,2,FALSE),0)
B84: E.2.7 Build output How does the project store the build artifacts? How does the project build and publish official packages? | D84: =IFERROR(VLOOKUP(C84,lookups!$A$1:$B$5,2,FALSE),0)
B85: E.2.8 Hardened and isolated builds Is the build service run in an ephemeral environment, such as a container or VM, provisioned solely for the build? Is the build service run in an isolated environment free of influence from other build instances? Can the build output be affected by user parameters other than the build entry point? Is the build run with no network access (i.e., hermetic)? | D85: =IFERROR(VLOOKUP(C85,lookups!$A$1:$B$5,2,FALSE),0) | E85: =AVERAGE(DataEntry!86:95)
B86: E.3 Secure software development environment | D86: =IFERROR(VLOOKUP(C86,lookups!$A$1:$B$5,2,FALSE),0) | E86: =AVERAGE(DataEntry!87:96)
B87: E.3.1 Authentication Are employees and contractors authenticated to enable access control, traceability, non-repudiation, chain of custody, and provenance for systems, software, and services? Where do you store access credentials (e.g., hashes for passwords) and secrets in a secured (e.g., encrypted) location, such as a secure vault? | D87: =IFERROR(VLOOKUP(C87,lookups!$A$1:$B$5,2,FALSE),0)
B88: E.3.2 Environmental separation Are environments involved in software development (e.g., endpoints, development, build, test, deployment) separated and protected from physical and remote access to the build environment? Is access logged? What kind of approval is needed for access to the build environment? Are the build environment workstations held to a security standard, e.g. up-to-date patches, anti-virus definitions, etc? | D88: =IFERROR(VLOOKUP(C88,lookups!$A$1:$B$5,2,FALSE),0)
B89: E.3.3 Role-based access control How are authorization levels for accounts associated with roles and the associated level of access control, including remote access, proper vetting of contractors, and that authorization does not exceed the period of performance? How are access control violations handled? | D89: =IFERROR(VLOOKUP(C89,lookups!$A$1:$B$5,2,FALSE),0)
B90: E.3.4 Information flow enforcement How is information flow enforced to ensure only the required information is communicated across trust boundaries to participants in the supply chain through mechanisms that ensure transmission confidentiality and integrity? What kind of requirements for transmission confidentiality and integrity are integrated into agreements with suppliers? | D90: =IFERROR(VLOOKUP(C90,lookups!$A$1:$B$5,2,FALSE),0)
B91: E.3.5 Baseline configuration Is a baseline configuration of the information system and development environment in place to provide a starting point for tracking changes to components, code, and/or settings for traceability and provenance? Who sets the baseline? | D91: =IFERROR(VLOOKUP(C91,lookups!$A$1:$B$5,2,FALSE),0)
B92: E.3.6 Monitor changes to configuration settings What kind of monitoring and auditing of changes to configuration settings is in place? What designated employees are alerted when an unauthorized change occurs? | D92: =IFERROR(VLOOKUP(C92,lookups!$A$1:$B$5,2,FALSE),0)
B93: E.3.7 Boundary protection How are development, test, and security assessment tools and operational environments separated and isolated from external networks or information systems and each other, as appropriate considering trust boundaries? How are trust boundaries considered, and how is the separation/isolation implemented? | D93: =IFERROR(VLOOKUP(C93,lookups!$A$1:$B$5,2,FALSE),0)
B94: E.3.8 Key rotation What is your key rotation policy? | D94: =IFERROR(VLOOKUP(C94,lookups!$A$1:$B$5,2,FALSE),0)
B95: E.3.9 Ephemeral credentials Do you use short-lived tokens for access management of machines and services such as CI/CD pipeline agents? Who uses these tokens and for what types of systems? | D95: =IFERROR(VLOOKUP(C95,lookups!$A$1:$B$5,2,FALSE),0)
A96: Deployment | B96: E.3.10 Establish a root of trust Do you have a root of trust that can perform specific, critical security functions such as storing keys for cryptographic functions or enabling secure boot? How are these implemented? | D96: =IFERROR(VLOOKUP(C96,lookups!$A$1:$B$5,2,FALSE),0)
A97: Deployment | B97: D.1 Respond to/disclose vulnerabilities | E97: =AVERAGE(DataEntry!98:103)
B98: D.1 Respond to/disclose vulnerabilities | D98: =IFERROR(VLOOKUP(C98,lookups!$A$1:$B$5,2,FALSE),0) | E98: =AVERAGE(DataEntry!99:104)
B99: D.1.1 Vulnerability analysis How are discovered vulnerabilities recorded and triaged? How are the vulnerabilities prioritized for remediation? Is a severity rating, such as CVSS, used to aid prioritization? Is the access control to vulnerability information more restrictive than plain bug tracker defects? | D99: =IFERROR(VLOOKUP(C99,lookups!$A$1:$B$5,2,FALSE),0)
B100: D.1.2 Risk-based vulnerability remediation Can you tell me about your process for making decisions on which vulnerabilities should be remediated? What is your process for responding to reported incidents quickly? Can high-priority vulnerabilities prevent the shipment of the product? | D100: =IFERROR(VLOOKUP(C100,lookups!$A$1:$B$5,2,FALSE),0)
B101: D.1.3 Vulnerability disclosure What is your process for addressing vulnerability disclosure and remediation with roles, responsibilities, and processes in place? How do you develop and release security advisories to your software acquirers? Do you publish a security policy (via a security.md file) to inform users about a vulnerability and how to report it? Do users know how to report vulnerabilities? Who handles PSIRT? | D101: =IFERROR(VLOOKUP(C101,lookups!$A$1:$B$5,2,FALSE),0)
B102: D.1.4 Vulnerability eradication Does your team have a process of proactively eradicating or reducing a whole class of vulnerabilities based upon previously-identified vulnerabilities or incidents? Are these patterns folded back into the SDLC? | D102: =IFERROR(VLOOKUP(C102,lookups!$A$1:$B$5,2,FALSE),0)
B103: D.1.5 Emergency artifact fix How do you handle it when an external artifact has a zero-day vulnerability that is not being fixed by an upstream maintainer in a desired timeframe? | D103: =IFERROR(VLOOKUP(C103,lookups!$A$1:$B$5,2,FALSE),0)
B104: D.1.6 Root cause analysis Do you analyze identified vulnerabilities to determine their root cause, including how the vulnerability was injected and, perhaps, how it escaped vulnerability detection efforts and made it into production? Do you communicate trends to developers? How can trends identified in root cause be factored into your SDLC process? | D104: =IFERROR(VLOOKUP(C104,lookups!$A$1:$B$5,2,FALSE),0) | E104: =AVERAGE(DataEntry!105:106)
B105: D.2 Monitor intrusions/violations | D105: =IFERROR(VLOOKUP(C105,lookups!$A$1:$B$5,2,FALSE),0) | E105: =AVERAGE(DataEntry!106:107)
B106: D.2.1 System monitoring Are running systems continuously monitored to gather information for risk decisions, criticality analysis, vulnerability and threat analysis, incident response, and insider threat, including boundary protections of supply chain components and supply chain information flow? What is the process when an intrusion or violation is detected? Is there a QoS target? | D106: =IFERROR(VLOOKUP(C106,lookups!$A$1:$B$5,2,FALSE),0)
...

Sheet lookups
A1: No | B1: 0
A2: Emerging | B2: 0.25
A3: Progress Being Made | B3: 0.5
A4: Almost There | B4: 0.75
A5: Funded | B5: 1

Sheet psscrm
A1: Practice | B1: Score
A2: G.1 Perform compliance | B2: =DataEntry!E16
A3: G.2 Develop security policies | B3: =DataEntry!E22
A4: G.3 Manage suppliers | B4: =DataEntry!E29
A5: G.4 Training | B5: =DataEntry!E35
A6: G.5 Assess and manage risk | B6: =DataEntry!E39
A7: P.1 Develop security requirements | B7: =DataEntry!E45
A8: P.2 Build security in | B8: =DataEntry!E48
A9: P.3 Manage component and container choices | B9: =DataEntry!E54
A10: P.4 Discover vulnerabilities | B10: =DataEntry!E60
A11: P.5 Manage vulnerable components and containers | B11: =DataEntry!E66
A12: E.1 Safeguard artifact integrity | B12: =DataEntry!E70
A13: E.2 Safeguard build integrity | B13: =DataEntry!E77
A14: E.3 Secure software development environment | B14: =DataEntry!E85
A15: D.1 Respond to/disclose vulnerabilities | B15: =DataEntry!E97
A16: D.2 Monitor intrusions/violations | B16: =DataEntry!E104
